знак,дата,ссылка,прогноз
Овен,Овен,/prediction/aries/today/,"Не все сразу сложится так, как хотелось бы. Но если вы не отступите перед первыми трудностями, то наверняка добьетесь успеха. Скорее всего, привычные методы окажутся малоэффективными, а обычного рабочего времени не хватит на то, чтобы решить все задачи. Так что будьте готовы и придумывать что-то новое, и трудиться сверхурочно. Будет нелегко, но результаты, которых удастся добиться, того стоят."
Телец,Телец,/prediction/taurus/today/,"Не стоит нервничать из-за пустяков. Этот день не из самых легких и простых, но и безнадежно плохим его никак нельзя назвать. Что бы ни происходило вокруг, вы не станете паниковать и суетиться, сохраните самообладание и примете взвешенные решения. Люди, которые раньше не понимали, почему вы действуете так, а не иначе, признают, что ваша стратегия верна и ее стоит взять на вооружение. Не исключено, что к вам обратятся за советами те, кто прежде в любой ситуации был непоколебимо уверен в собственной правоте."
Близнецы,Близнецы,/prediction/gemini/today/,"Старайтесь спокойно относиться к возникающим трудностям. Да, это не один из тех легких и безоблачных дней, когда все хорошо получается само собой, ну и что? Не теряйте душевного равновесия и продолжайте экспериментировать. Необычные решения могут оказаться самыми удачными, а ваши смелые предложения наверняка получат поддержку."
Рак,Рак,/prediction/cancer/today/,"День хоть и не будет совершенно лишен проблем и недоразумений, но все же сложится неплохо. На работе могут возникнуть трудности, некоторым Ракам предстоит вернуться к вопросам, которые они считали давно решенными. Не исключено, что из-за каких-то давних недоработок сегодня придется трудиться сверхурочно, или необходимость исправлять старые ошибки заставит отложить новые дела. Постарайтесь особенно не переживать по этому поводу: очень скоро влияние позитивных тенденций усилится."
Лев,Лев,/prediction/leo/today/,"Не все будет складываться так, как хотелось бы. Раздражающих мелочей, неудачных совпадений, каких-то неприятных происшествий сегодня будет особенно много. И ко всему этому важно относиться спокойно, потому что если вы начнете нервничать, то только все испортите. Полезно будет вспомнить о тех испытаниях, которые удалось преодолеть раньше, поскольку это придаст вам уверенности. Да и опыт, полученный давным-давно, может оказаться полезным."
Дева,Дева,/prediction/virgo/today/,"Будет интересно. Вам предстоит заниматься совершенно новыми делами, и многому нужно будет учиться на ходу. Другие в такой ситуации наверняка растерялись бы, а вы точно неплохо справитесь. Не исключено, что на помощь придут давние знакомые. Им даже делать ничего особенно сложного не придется: достаточно будет оказать какую-то мелкую услугу, дать совет или просто высказать свое мнение."
Весы,Весы,/prediction/libra/today/,"Может показаться, что окружающие специально выводят вас из равновесия, и, честно говоря, это будет не так уж далеко от истины. Но интуиция подскажет: все это не происходит само по себе, кто-то явно строит козни, настраивает других людей против вас. И чем раньше вы обнаружите и выведете на чистую воду эту неприятную особу, тем лучше сложится день в целом. Так что вашему внутреннему детективу сегодня нужно будет потрудиться."
Скорпион,Скорпион,/prediction/scorpio/today/,"Надо действовать. Обидно было бы упустить такой удачный момент для реализации смелых планов или не использовать влияние позитивных тенденций, чтобы добиться успеха в чем-то действительно важном. Сегодня звезды будут на вашей стороне, и обстоятельства часто будут складываться удачнее, чем вы ожидали. Постарайтесь воспользоваться моментом."
Стрелец,Стрелец,/prediction/sagittarius/today/,"Не тратьте время на пустяки. Это один их тех исключительно удачных дней, когда многое будет получаться хорошо, и надо лишь не упустить момент, чтобы реализовать задуманное или достичь какой-то важной цели. Стрельцов ждут полезные знакомства. У представителей знака появится возможность пообщаться с теми, чьи опыт и знания будут им очень полезны. А еще не исключено начало сотрудничества, благодаря которому откроется новая страница вашей карьеры."
Козерог,Козерог,/prediction/capricorn/today/,"Какие-то серьезные проблемы день едва ли принесет. Многие пойдут вам навстречу, не исключено, что вы получите поддержку, на которую еще вчера и рассчитывать не могли. День будет очень благоприятным для встреч в неформальной обстановке, а также разговоров с высокопоставленными людьми, которым вы когда-то оказали важные услуги. Не исключено, что вам предложат новую работу, удачную сделку или сотрудничество на каких-то исключительно выгодных условиях."
Водолей,Водолей,/prediction/aquarius/today/,"В деловой сфере может сложиться непростая ситуация. Во-первых, появятся новые задачи, требующие немедленного решения. Во-вторых, вам придется иметь дело с довольно неприятными людьми, искать к ним подход, стараться произвести хорошее впечатление. Некоторым Водолеям будет сложно держать эмоции под контролем. Но если вы начнете нервничать или злиться, это определенно не приведет ни к чему хорошему. Так что постарайтесь справиться с переживаниями и руководствоваться здравым смыслом."
Рыбы,Рыбы,/prediction/pisces/today/,"Важно помнить, что именно начало этого дня удачно. Поэтому не стоит откладывать ни серьезные дела, ни встречи, которым вы придаете большое значение. Да и в целом стоит действовать побыстрее. Не всем Рыбам сразу удастся настроиться на нужный лад. И те, кто будет размышлять слишком долго, рискуют многое упустить. Так что постарайтесь поторопиться и не стесняйтесь торопить других. Давние помощники и проверенные союзники смогут приспособиться к вашему новому ритму, и им тоже это пойдет на пользу."
